{"proxies":{"ti.bluetooth.gatt.TiBluetoothGattIdentifiable":{"superPackageName":"org.appcelerator.kroll","dynamicProperties":{"uuid":{"set":false,"nativeConverter":"org.appcelerator.kroll.KrollConverter","getMethodName":"getUuid","converter":"org.appcelerator.kroll.KrollConverter","defaultValueProvider":"org.appcelerator.kroll.KrollConverter","javascriptConverter":"org.appcelerator.kroll.KrollConverter","getHasInvocation":false,"runOnUiThread":false,"getMethodArgs":[],"getReturnType":"java.lang.String","get":true,"name":"uuid","setHasInvocation":false,"getDefaultProviders":[]}},"methods":{"getUuid":{"runOnUiThread":false,"hasInvocation":false,"args":[],"apiName":"getUuid","converter":"org.appcelerator.kroll.KrollConverter","defaultValueProvider":"org.appcelerator.kroll.KrollConverter","name":"__default_name__","returnType":"java.lang.String"}},"superProxyBindingClassName":"org.appcelerator.kroll.KrollProxyBindingGen","proxyClassName":"TiBluetoothGattIdentifiable","proxyAttrs":{"propertyAccessors":[],"fullAPIName":"TiBluetooth.TiBluetoothGattIdentifiable","name":"TiBluetoothGattIdentifiable","proxyClassName":"ti.bluetooth.gatt.TiBluetoothGattIdentifiable","isTopLevel":false,"id":"ti.bluetooth.gatt.TiBluetoothGattIdentifiable","parentModule":"ti.bluetooth.TiBluetoothModule","creatableInModule":"org.appcelerator.kroll.annotations.Kroll.DEFAULT"},"packageName":"ti.bluetooth.gatt","sourceName":"ti.bluetooth.gatt.TiBluetoothGattIdentifiableBindingGen","superProxyClassName":"KrollProxy","isModule":false,"genClassName":"TiBluetoothGattIdentifiableBindingGen"},"ti.bluetooth.gatt.TiBluetoothDescriptorProxy":{"superPackageName":"ti.bluetooth.gatt","dynamicProperties":{"value":{"set":true,"nativeConverter":"org.appcelerator.kroll.KrollConverter","getMethodName":"getValue","setMethodName":"setValue","setMethodArgs":[{"converter":"org.appcelerator.kroll.KrollConverter","defaultValueProvider":"org.appcelerator.kroll.KrollConverter","name":"value","sourceName":"value","type":"int"}],"setDefaultProviders":["org.appcelerator.kroll.KrollConverter"],"converter":"org.appcelerator.kroll.KrollConverter","defaultValueProvider":"org.appcelerator.kroll.KrollConverter","retain":true,"javascriptConverter":"org.appcelerator.kroll.KrollConverter","getHasInvocation":false,"runOnUiThread":false,"getMethodArgs":[],"getReturnType":"org.appcelerator.titanium.TiBlob","setReturnType":"boolean","get":true,"name":"value","setHasInvocation":false,"getDefaultProviders":[]},"characteristic":{"set":false,"nativeConverter":"org.appcelerator.kroll.KrollConverter","getMethodName":"getCharacteristic","converter":"org.appcelerator.kroll.KrollConverter","defaultValueProvider":"org.appcelerator.kroll.KrollConverter","javascriptConverter":"org.appcelerator.kroll.KrollConverter","getHasInvocation":false,"runOnUiThread":false,"getMethodArgs":[],"getReturnType":"ti.bluetooth.gatt.TiBluetoothCharacteristicProxy","get":true,"name":"characteristic","setHasInvocation":false,"getDefaultProviders":[]}},"methods":{"getValue":{"runOnUiThread":false,"hasInvocation":false,"args":[],"apiName":"getValue","converter":"org.appcelerator.kroll.KrollConverter","defaultValueProvider":"org.appcelerator.kroll.KrollConverter","name":"__default_name__","returnType":"org.appcelerator.titanium.TiBlob"},"setValue":{"runOnUiThread":false,"hasInvocation":false,"args":[{"converter":"org.appcelerator.kroll.KrollConverter","defaultValueProvider":"org.appcelerator.kroll.KrollConverter","name":"value","sourceName":"value","type":"int"}],"apiName":"setValue","converter":"org.appcelerator.kroll.KrollConverter","defaultValueProvider":"org.appcelerator.kroll.KrollConverter","name":"__default_name__","returnType":"boolean"},"getCharacteristic":{"runOnUiThread":false,"hasInvocation":false,"args":[],"apiName":"getCharacteristic","converter":"org.appcelerator.kroll.KrollConverter","defaultValueProvider":"org.appcelerator.kroll.KrollConverter","name":"__default_name__","returnType":"ti.bluetooth.gatt.TiBluetoothCharacteristicProxy"}},"superProxyBindingClassName":"ti.bluetooth.gatt.TiBluetoothGattIdentifiableBindingGen","proxyClassName":"TiBluetoothDescriptorProxy","proxyAttrs":{"propertyAccessors":[],"fullAPIName":"TiBluetooth.TiBluetoothDescriptor","name":"TiBluetoothDescriptor","proxyClassName":"ti.bluetooth.gatt.TiBluetoothDescriptorProxy","isTopLevel":false,"id":"ti.bluetooth.gatt.TiBluetoothDescriptorProxy","parentModule":"ti.bluetooth.TiBluetoothModule","creatableInModule":"org.appcelerator.kroll.annotations.Kroll.DEFAULT"},"packageName":"ti.bluetooth.gatt","sourceName":"ti.bluetooth.gatt.TiBluetoothDescriptorProxyBindingGen","superProxyClassName":"TiBluetoothGattIdentifiable","isModule":false,"genClassName":"TiBluetoothDescriptorProxyBindingGen"},"ti.bluetooth.peripheral.TiBluetoothPeripheralProxy":{"superPackageName":"org.appcelerator.kroll","methods":{"readValueForDescriptor":{"runOnUiThread":false,"hasInvocation":false,"args":[{"converter":"org.appcelerator.kroll.KrollConverter","defaultValueProvider":"org.appcelerator.kroll.KrollConverter","name":"descriptorProxy","sourceName":"descriptorProxy","type":"ti.bluetooth.gatt.TiBluetoothDescriptorProxy"}],"apiName":"readValueForDescriptor","converter":"org.appcelerator.kroll.KrollConverter","defaultValueProvider":"org.appcelerator.kroll.KrollConverter","name":"__default_name__","returnType":"org.appcelerator.titanium.TiBlob"},"getName":{"runOnUiThread":false,"hasInvocation":false,"args":[],"apiName":"getName","converter":"org.appcelerator.kroll.KrollConverter","defaultValueProvider":"org.appcelerator.kroll.KrollConverter","name":"__default_name__","returnType":"java.lang.String"},"setNotifyValueForCharacteristic":{"runOnUiThread":false,"hasInvocation":false,"args":[{"converter":"org.appcelerator.kroll.KrollConverter","defaultValueProvider":"org.appcelerator.kroll.KrollConverter","name":"enabled","sourceName":"enabled","type":"boolean"},{"converter":"org.appcelerator.kroll.KrollConverter","defaultValueProvider":"org.appcelerator.kroll.KrollConverter","name":"characteristic","sourceName":"characteristic","type":"ti.bluetooth.gatt.TiBluetoothCharacteristicProxy"}],"apiName":"setNotifyValueForCharacteristic","converter":"org.appcelerator.kroll.KrollConverter","defaultValueProvider":"org.appcelerator.kroll.KrollConverter","name":"__default_name__","returnType":"void"},"discoverCharacteristicsForService":{"runOnUiThread":false,"hasInvocation":false,"args":[{"converter":"org.appcelerator.kroll.KrollConverter","defaultValueProvider":"org.appcelerator.kroll.KrollConverter","name":"args","sourceName":"args","type":"org.appcelerator.kroll.KrollDict"}],"apiName":"discoverCharacteristicsForService","converter":"org.appcelerator.kroll.KrollConverter","defaultValueProvider":"org.appcelerator.kroll.KrollConverter","name":"__default_name__","returnType":"void"},"writeValueForCharacteristicWithType":{"runOnUiThread":false,"hasInvocation":false,"args":[{"converter":"org.appcelerator.kroll.KrollConverter","defaultValueProvider":"org.appcelerator.kroll.KrollConverter","name":"value","sourceName":"value","type":"org.appcelerator.titanium.TiBlob"},{"converter":"org.appcelerator.kroll.KrollConverter","defaultValueProvider":"org.appcelerator.kroll.KrollConverter","name":"tiBluetoothCharacteristicProxy","sourceName":"tiBluetoothCharacteristicProxy","type":"ti.bluetooth.gatt.TiBluetoothCharacteristicProxy"},{"converter":"org.appcelerator.kroll.KrollConverter","defaultValueProvider":"org.appcelerator.kroll.KrollConverter","name":"writeType","sourceName":"writeType","type":"int"}],"apiName":"writeValueForCharacteristicWithType","converter":"org.appcelerator.kroll.KrollConverter","defaultValueProvider":"org.appcelerator.kroll.KrollConverter","name":"__default_name__","returnType":"void"},"writeValueForDescriptor":{"runOnUiThread":false,"hasInvocation":false,"args":[{"converter":"org.appcelerator.kroll.KrollConverter","defaultValueProvider":"org.appcelerator.kroll.KrollConverter","name":"value","sourceName":"value","type":"int"},{"converter":"org.appcelerator.kroll.KrollConverter","defaultValueProvider":"org.appcelerator.kroll.KrollConverter","name":"descriptorProxy","sourceName":"descriptorProxy","type":"ti.bluetooth.gatt.TiBluetoothDescriptorProxy"}],"apiName":"writeValueForDescriptor","converter":"org.appcelerator.kroll.KrollConverter","defaultValueProvider":"org.appcelerator.kroll.KrollConverter","name":"__default_name__","returnType":"void"},"requestMTU":{"runOnUiThread":false,"hasInvocation":false,"args":[{"converter":"org.appcelerator.kroll.KrollConverter","defaultValueProvider":"org.appcelerator.kroll.KrollConverter","name":"value","sourceName":"value","type":"int"}],"apiName":"requestMTU","converter":"org.appcelerator.kroll.KrollConverter","defaultValueProvider":"org.appcelerator.kroll.KrollConverter","name":"__default_name__","returnType":"boolean"},"getAddress":{"runOnUiThread":false,"hasInvocation":false,"args":[],"apiName":"getAddress","converter":"org.appcelerator.kroll.KrollConverter","defaultValueProvider":"org.appcelerator.kroll.KrollConverter","name":"__default_name__","returnType":"java.lang.String"},"getServices":{"runOnUiThread":false,"hasInvocation":false,"args":[],"apiName":"getServices","converter":"org.appcelerator.kroll.KrollConverter","defaultValueProvider":"org.appcelerator.kroll.KrollConverter","name":"__default_name__","returnType":"java.lang.Object[]"},"discoverServices":{"runOnUiThread":false,"hasInvocation":false,"args":[],"apiName":"discoverServices","converter":"org.appcelerator.kroll.KrollConverter","defaultValueProvider":"org.appcelerator.kroll.KrollConverter","name":"__default_name__","returnType":"void"}},"dynamicProperties":{"address":{"set":false,"nativeConverter":"org.appcelerator.kroll.KrollConverter","getMethodName":"getAddress","converter":"org.appcelerator.kroll.KrollConverter","defaultValueProvider":"org.appcelerator.kroll.KrollConverter","javascriptConverter":"org.appcelerator.kroll.KrollConverter","getHasInvocation":false,"runOnUiThread":false,"getMethodArgs":[],"getReturnType":"java.lang.String","get":true,"name":"address","setHasInvocation":false,"getDefaultProviders":[]},"name":{"set":false,"nativeConverter":"org.appcelerator.kroll.KrollConverter","getMethodName":"getName","converter":"org.appcelerator.kroll.KrollConverter","defaultValueProvider":"org.appcelerator.kroll.KrollConverter","javascriptConverter":"org.appcelerator.kroll.KrollConverter","getHasInvocation":false,"runOnUiThread":false,"getMethodArgs":[],"getReturnType":"java.lang.String","get":true,"name":"name","setHasInvocation":false,"getDefaultProviders":[]},"services":{"set":false,"nativeConverter":"org.appcelerator.kroll.KrollConverter","getMethodName":"getServices","converter":"org.appcelerator.kroll.KrollConverter","defaultValueProvider":"org.appcelerator.kroll.KrollConverter","javascriptConverter":"org.appcelerator.kroll.KrollConverter","getHasInvocation":false,"runOnUiThread":false,"getMethodArgs":[],"getReturnType":"java.lang.Object[]","get":true,"name":"services","setHasInvocation":false,"getDefaultProviders":[]}},"superProxyBindingClassName":"org.appcelerator.kroll.KrollProxyBindingGen","proxyClassName":"TiBluetoothPeripheralProxy","proxyAttrs":{"propertyAccessors":[],"fullAPIName":"TiBluetooth.TiBluetoothPeripheral","name":"TiBluetoothPeripheral","proxyClassName":"ti.bluetooth.peripheral.TiBluetoothPeripheralProxy","isTopLevel":false,"id":"ti.bluetooth.peripheral.TiBluetoothPeripheralProxy","parentModule":"ti.bluetooth.TiBluetoothModule","creatableInModule":"org.appcelerator.kroll.annotations.Kroll.DEFAULT"},"packageName":"ti.bluetooth.peripheral","sourceName":"ti.bluetooth.peripheral.TiBluetoothPeripheralProxyBindingGen","superProxyClassName":"KrollProxy","isModule":false,"genClassName":"TiBluetoothPeripheralProxyBindingGen"},"ti.bluetooth.central.TiBluetoothCentralManagerProxy":{"superPackageName":"org.appcelerator.kroll","methods":{"getState":{"runOnUiThread":false,"hasInvocation":false,"args":[],"apiName":"getState","converter":"org.appcelerator.kroll.KrollConverter","defaultValueProvider":"org.appcelerator.kroll.KrollConverter","name":"__default_name__","returnType":"int"},"isScanning":{"runOnUiThread":false,"hasInvocation":false,"args":[],"apiName":"isScanning","converter":"org.appcelerator.kroll.KrollConverter","defaultValueProvider":"org.appcelerator.kroll.KrollConverter","name":"__default_name__","returnType":"boolean"},"getScanMode":{"runOnUiThread":false,"hasInvocation":false,"args":[],"apiName":"getScanMode","converter":"org.appcelerator.kroll.KrollConverter","defaultValueProvider":"org.appcelerator.kroll.KrollConverter","name":"__default_name__","returnType":"int"},"startScanWithServices":{"runOnUiThread":false,"hasInvocation":false,"args":[{"converter":"org.appcelerator.kroll.KrollConverter","defaultValueProvider":"org.appcelerator.kroll.KrollConverter","name":"services","sourceName":"services","type":"java.lang.String[]"}],"apiName":"startScanWithServices","converter":"org.appcelerator.kroll.KrollConverter","defaultValueProvider":"org.appcelerator.kroll.KrollConverter","name":"__default_name__","returnType":"void"},"setScanMode":{"runOnUiThread":false,"hasInvocation":false,"args":[{"converter":"org.appcelerator.kroll.KrollConverter","defaultValueProvider":"org.appcelerator.kroll.KrollConverter","name":"scanMode","sourceName":"scanMode","type":"int"}],"apiName":"setScanMode","converter":"org.appcelerator.kroll.KrollConverter","defaultValueProvider":"org.appcelerator.kroll.KrollConverter","name":"__default_name__","returnType":"void"},"stopScan":{"runOnUiThread":false,"hasInvocation":false,"args":[],"apiName":"stopScan","converter":"org.appcelerator.kroll.KrollConverter","defaultValueProvider":"org.appcelerator.kroll.KrollConverter","name":"__default_name__","returnType":"void"},"startScan":{"runOnUiThread":false,"hasInvocation":false,"args":[],"apiName":"startScan","converter":"org.appcelerator.kroll.KrollConverter","defaultValueProvider":"org.appcelerator.kroll.KrollConverter","name":"__default_name__","returnType":"void"},"cancelPeripheralConnection":{"runOnUiThread":false,"hasInvocation":false,"args":[{"converter":"org.appcelerator.kroll.KrollConverter","defaultValueProvider":"org.appcelerator.kroll.KrollConverter","name":"peripheral","sourceName":"peripheral","type":"ti.bluetooth.peripheral.TiBluetoothPeripheralProxy"}],"apiName":"cancelPeripheralConnection","converter":"org.appcelerator.kroll.KrollConverter","defaultValueProvider":"org.appcelerator.kroll.KrollConverter","name":"__default_name__","returnType":"void"},"getBondedDevices":{"runOnUiThread":false,"hasInvocation":false,"args":[],"apiName":"getBondedDevices","converter":"org.appcelerator.kroll.KrollConverter","defaultValueProvider":"org.appcelerator.kroll.KrollConverter","name":"__default_name__","returnType":"java.lang.Object[]"},"connectPeripheral":{"runOnUiThread":false,"hasInvocation":false,"args":[{"converter":"org.appcelerator.kroll.KrollConverter","defaultValueProvider":"org.appcelerator.kroll.KrollConverter","name":"peripheral","sourceName":"peripheral","type":"ti.bluetooth.peripheral.TiBluetoothPeripheralProxy"},{"converter":"org.appcelerator.kroll.KrollConverter","defaultValueProvider":"org.appcelerator.kroll.KrollConverter","name":"properties","optional":true,"sourceName":"properties","type":"org.appcelerator.kroll.KrollDict"}],"apiName":"connectPeripheral","converter":"org.appcelerator.kroll.KrollConverter","defaultValueProvider":"org.appcelerator.kroll.KrollConverter","name":"__default_name__","returnType":"void"}},"dynamicProperties":{"scanMode":{"set":true,"nativeConverter":"org.appcelerator.kroll.KrollConverter","getMethodName":"getScanMode","setMethodName":"setScanMode","setMethodArgs":[{"converter":"org.appcelerator.kroll.KrollConverter","defaultValueProvider":"org.appcelerator.kroll.KrollConverter","name":"scanMode","sourceName":"scanMode","type":"int"}],"setDefaultProviders":["org.appcelerator.kroll.KrollConverter"],"converter":"org.appcelerator.kroll.KrollConverter","defaultValueProvider":"org.appcelerator.kroll.KrollConverter","retain":true,"javascriptConverter":"org.appcelerator.kroll.KrollConverter","getHasInvocation":false,"runOnUiThread":false,"getMethodArgs":[],"getReturnType":"int","setReturnType":"void","get":true,"name":"scanMode","setHasInvocation":false,"getDefaultProviders":[]},"state":{"set":false,"nativeConverter":"org.appcelerator.kroll.KrollConverter","getMethodName":"getState","converter":"org.appcelerator.kroll.KrollConverter","defaultValueProvider":"org.appcelerator.kroll.KrollConverter","javascriptConverter":"org.appcelerator.kroll.KrollConverter","getHasInvocation":false,"runOnUiThread":false,"getMethodArgs":[],"getReturnType":"int","get":true,"name":"state","setHasInvocation":false,"getDefaultProviders":[]}},"superProxyBindingClassName":"org.appcelerator.kroll.KrollProxyBindingGen","proxyClassName":"TiBluetoothCentralManagerProxy","proxyAttrs":{"propertyAccessors":[],"fullAPIName":"TiBluetooth.TiBluetoothCentralManager","name":"TiBluetoothCentralManager","proxyClassName":"ti.bluetooth.central.TiBluetoothCentralManagerProxy","isTopLevel":false,"id":"ti.bluetooth.central.TiBluetoothCentralManagerProxy","parentModule":"ti.bluetooth.TiBluetoothModule","creatableInModule":"org.appcelerator.kroll.annotations.Kroll.DEFAULT"},"packageName":"ti.bluetooth.central","sourceName":"ti.bluetooth.central.TiBluetoothCentralManagerProxyBindingGen","superProxyClassName":"KrollProxy","isModule":false,"genClassName":"TiBluetoothCentralManagerProxyBindingGen"},"ti.bluetooth.gatt.TiBluetoothServiceProxy":{"superPackageName":"ti.bluetooth.gatt","dynamicProperties":{"characteristics":{"set":false,"nativeConverter":"org.appcelerator.kroll.KrollConverter","getMethodName":"getCharacteristics","converter":"org.appcelerator.kroll.KrollConverter","defaultValueProvider":"org.appcelerator.kroll.KrollConverter","javascriptConverter":"org.appcelerator.kroll.KrollConverter","getHasInvocation":false,"runOnUiThread":false,"getMethodArgs":[],"getReturnType":"java.lang.Object[]","get":true,"name":"characteristics","setHasInvocation":false,"getDefaultProviders":[]}},"methods":{"getCharacteristics":{"runOnUiThread":false,"hasInvocation":false,"args":[],"apiName":"getCharacteristics","converter":"org.appcelerator.kroll.KrollConverter","defaultValueProvider":"org.appcelerator.kroll.KrollConverter","name":"__default_name__","returnType":"java.lang.Object[]"}},"superProxyBindingClassName":"ti.bluetooth.gatt.TiBluetoothGattIdentifiableBindingGen","proxyClassName":"TiBluetoothServiceProxy","proxyAttrs":{"propertyAccessors":[],"fullAPIName":"TiBluetooth.TiBluetoothService","name":"TiBluetoothService","proxyClassName":"ti.bluetooth.gatt.TiBluetoothServiceProxy","isTopLevel":false,"id":"ti.bluetooth.gatt.TiBluetoothServiceProxy","parentModule":"ti.bluetooth.TiBluetoothModule","creatableInModule":"org.appcelerator.kroll.annotations.Kroll.DEFAULT"},"packageName":"ti.bluetooth.gatt","sourceName":"ti.bluetooth.gatt.TiBluetoothServiceProxyBindingGen","superProxyClassName":"TiBluetoothGattIdentifiable","isModule":false,"genClassName":"TiBluetoothServiceProxyBindingGen"},"ti.bluetooth.gatt.TiBluetoothCharacteristicProxy":{"superPackageName":"ti.bluetooth.gatt","dynamicProperties":{"descriptors":{"set":false,"nativeConverter":"org.appcelerator.kroll.KrollConverter","getMethodName":"getDescriptors","converter":"org.appcelerator.kroll.KrollConverter","defaultValueProvider":"org.appcelerator.kroll.KrollConverter","javascriptConverter":"org.appcelerator.kroll.KrollConverter","getHasInvocation":false,"runOnUiThread":false,"getMethodArgs":[],"getReturnType":"java.lang.Object[]","get":true,"name":"descriptors","setHasInvocation":false,"getDefaultProviders":[]},"service":{"set":false,"nativeConverter":"org.appcelerator.kroll.KrollConverter","getMethodName":"getService","converter":"org.appcelerator.kroll.KrollConverter","defaultValueProvider":"org.appcelerator.kroll.KrollConverter","javascriptConverter":"org.appcelerator.kroll.KrollConverter","getHasInvocation":false,"runOnUiThread":false,"getMethodArgs":[],"getReturnType":"ti.bluetooth.gatt.TiBluetoothServiceProxy","get":true,"name":"service","setHasInvocation":false,"getDefaultProviders":[]},"value":{"set":false,"nativeConverter":"org.appcelerator.kroll.KrollConverter","getMethodName":"getValue","converter":"org.appcelerator.kroll.KrollConverter","defaultValueProvider":"org.appcelerator.kroll.KrollConverter","javascriptConverter":"org.appcelerator.kroll.KrollConverter","getHasInvocation":false,"runOnUiThread":false,"getMethodArgs":[],"getReturnType":"org.appcelerator.titanium.TiBlob","get":true,"name":"value","setHasInvocation":false,"getDefaultProviders":[]}},"methods":{"getValue":{"runOnUiThread":false,"hasInvocation":false,"args":[],"apiName":"getValue","converter":"org.appcelerator.kroll.KrollConverter","defaultValueProvider":"org.appcelerator.kroll.KrollConverter","name":"__default_name__","returnType":"org.appcelerator.titanium.TiBlob"},"getDescriptors":{"runOnUiThread":false,"hasInvocation":false,"args":[],"apiName":"getDescriptors","converter":"org.appcelerator.kroll.KrollConverter","defaultValueProvider":"org.appcelerator.kroll.KrollConverter","name":"__default_name__","returnType":"java.lang.Object[]"},"getService":{"runOnUiThread":false,"hasInvocation":false,"args":[],"apiName":"getService","converter":"org.appcelerator.kroll.KrollConverter","defaultValueProvider":"org.appcelerator.kroll.KrollConverter","name":"__default_name__","returnType":"ti.bluetooth.gatt.TiBluetoothServiceProxy"}},"superProxyBindingClassName":"ti.bluetooth.gatt.TiBluetoothGattIdentifiableBindingGen","proxyClassName":"TiBluetoothCharacteristicProxy","proxyAttrs":{"propertyAccessors":[],"fullAPIName":"TiBluetooth.TiBluetoothCharacteristic","name":"TiBluetoothCharacteristic","proxyClassName":"ti.bluetooth.gatt.TiBluetoothCharacteristicProxy","isTopLevel":false,"id":"ti.bluetooth.gatt.TiBluetoothCharacteristicProxy","parentModule":"ti.bluetooth.TiBluetoothModule","creatableInModule":"org.appcelerator.kroll.annotations.Kroll.DEFAULT"},"packageName":"ti.bluetooth.gatt","sourceName":"ti.bluetooth.gatt.TiBluetoothCharacteristicProxyBindingGen","superProxyClassName":"TiBluetoothGattIdentifiable","isModule":false,"genClassName":"TiBluetoothCharacteristicProxyBindingGen"},"ti.bluetooth.TiBluetoothModule":{"superPackageName":"org.appcelerator.kroll","methods":{"createCentralManager":{"runOnUiThread":false,"hasInvocation":false,"args":[],"apiName":"createCentralManager","converter":"org.appcelerator.kroll.KrollConverter","defaultValueProvider":"org.appcelerator.kroll.KrollConverter","name":"__default_name__","returnType":"ti.bluetooth.central.TiBluetoothCentralManagerProxy"}},"superProxyBindingClassName":"org.appcelerator.kroll.KrollModuleBindingGen","proxyClassName":"TiBluetoothModule","proxyAttrs":{"propertyAccessors":[],"fullAPIName":"TiBluetooth","name":"TiBluetooth","proxyClassName":"ti.bluetooth.TiBluetoothModule","isTopLevel":false,"id":"ti.bluetooth"},"packageName":"ti.bluetooth","sourceName":"ti.bluetooth.TiBluetoothModuleBindingGen","constants":{"MANAGER_STATE_POWERED_OFF":{"proxyName":"MANAGER_STATE_POWERED_OFF","name":"MANAGER_STATE_POWERED_OFF","type":"int","value":10},"SCAN_MODE_OPPORTUNISTIC":{"proxyName":"SCAN_MODE_OPPORTUNISTIC","name":"SCAN_MODE_OPPORTUNISTIC","type":"int","value":-1},"MANAGER_STATE_POWERED_ON":{"proxyName":"MANAGER_STATE_POWERED_ON","name":"MANAGER_STATE_POWERED_ON","type":"int","value":12},"DESCRIPTOR_DISABLE_NOTIFICATION_VALUE":{"proxyName":"DESCRIPTOR_DISABLE_NOTIFICATION_VALUE","name":"DESCRIPTOR_DISABLE_NOTIFICATION_VALUE","type":"int","value":1},"DESCRIPTOR_ENABLE_NOTIFICATION_VALUE":{"proxyName":"DESCRIPTOR_ENABLE_NOTIFICATION_VALUE","name":"DESCRIPTOR_ENABLE_NOTIFICATION_VALUE","type":"int","value":2},"SCAN_MODE_LOW_POWER":{"proxyName":"SCAN_MODE_LOW_POWER","name":"SCAN_MODE_LOW_POWER","type":"int","value":0},"DESCRIPTOR_ENABLE_INDICATION_VALUE":{"proxyName":"DESCRIPTOR_ENABLE_INDICATION_VALUE","name":"DESCRIPTOR_ENABLE_INDICATION_VALUE","type":"int","value":3},"SCAN_MODE_LOW_LATENCY":{"proxyName":"SCAN_MODE_LOW_LATENCY","name":"SCAN_MODE_LOW_LATENCY","type":"int","value":2},"SCAN_MODE_BALANCED":{"proxyName":"SCAN_MODE_BALANCED","name":"SCAN_MODE_BALANCED","type":"int","value":1},"CHARACTERISTIC_PROPERTY_WRITE_WITH_RESPONSE":{"proxyName":"CHARACTERISTIC_PROPERTY_WRITE_WITH_RESPONSE","name":"CHARACTERISTIC_PROPERTY_WRITE_WITH_RESPONSE","type":"int","value":2},"CHARACTERISTIC_PROPERTY_WRITE_WITHOUT_RESPONSE":{"proxyName":"CHARACTERISTIC_PROPERTY_WRITE_WITHOUT_RESPONSE","name":"CHARACTERISTIC_PROPERTY_WRITE_WITHOUT_RESPONSE","type":"int","value":1}},"superProxyClassName":"KrollModule","isModule":true,"genClassName":"TiBluetoothModuleBindingGen"}},"modules":{"ti.bluetooth.TiBluetoothModule":{"apiName":"TiBluetooth"}}}